title,link,website,stars,reviews,phone
NAICH LAW FIRM - Advocates & Legal Consultants,https://www.google.com/maps/place/NAICH+LAW+FIRM+-+Advocates+%26+Legal+Consultants/data=!4m7!3m6!1s0x3eb33f1be682cd6b:0xac532ac2714cef75!8m2!3d24.8585767!4d67.0275487!16s%2Fg%2F11g_td_29t!19sChIJa82C5hs_sz4Rde9MccIqU6w?authuser=0&hl=en&rclk=1,https://naichlaw.com/,4.9,256,0300 2828881
"Muzamil Hassan - Lawyer & Law Firm - ( Advocates, Barristers, & legal consultants)","https://www.google.com/maps/place/Muzamil+Hassan+-+Lawyer+%26+Law+Firm+-+%28+Advocates,+Barristers,+%26+legal+consultants%29/data=!4m7!3m6!1s0x3eb33de906e81a47:0x4701845f7530124!8m2!3d24.8272391!4d67.0355012!16s%2Fg%2F11q7dypyvp!19sChIJRxroBuk9sz4RJAFT90UYcAQ?authuser=0&hl=en&rclk=1",https://advocatemuzamilhassan.com/,5.0,198,0314 4722055
Advocate Zohaib Ali Naich Law Chamber,https://www.google.com/maps/place/Advocate+Zohaib+Ali+Naich+Law+Chamber/data=!4m7!3m6!1s0x3eb33fd2266a41a5:0xd1ecb87e17d6747!8m2!3d24.8559987!4d67.0049917!16s%2Fg%2F11tnkrsd8t!19sChIJpUFqJtI_sz4RR2d94YfLHg0?authuser=0&hl=en&rclk=1,,4.9,87,0332 2638868
Virk & Virk Law Associates,https://www.google.com/maps/place/Virk+%26+Virk+Law+Associates/data=!4m7!3m6!1s0x3eb33dcb2828f925:0xa6182ca80adde372!8m2!3d24.8147178!4d67.0505302!16s%2Fg%2F11qg161rts!19sChIJJfkoKMs9sz4RcuPdCqgsGKY?authuser=0&hl=en&rclk=1,,5.0,179,0300 9269707
"Jeelani Law Empire - Karachi Legal Services, Family Lawyer, Divorce Lawyer, Property Lawyer & Legal Consultants","https://www.google.com/maps/place/Jeelani+Law+Empire+-+Karachi+Legal+Services,+Family+Lawyer,+Divorce+Lawyer,+Property+Lawyer+%26+Legal+Consultants/data=!4m7!3m6!1s0x3eb33db035d9fd03:0xf3497c4f233e433e!8m2!3d24.8279715!4d67.0250424!16s%2Fg%2F11v_4v94_4!19sChIJA_3ZNbA9sz4RPkM-I098SfM?authuser=0&hl=en&rclk=1",https://jeelanilawempire.com/family-lawyers-in-karachi/#,5.0,110,0310 0805777
Jahangir Pinnacle Law Chambers,https://www.google.com/maps/place/Jahangir+Pinnacle+Law+Chambers/data=!4m7!3m6!1s0x3eb33fdbb7ea179f:0x56e1f66812f4f6d2!8m2!3d24.858577!4d67.027549!16s%2Fg%2F11r7vfvyqx!19sChIJnxfqt9s_sz4R0vb0Emj24VY?authuser=0&hl=en&rclk=1,,4.9,140,+44 7856 419787
"PAk Karachi Legal Services, family Lawyer , Divorce Lawyer , Property Lawyer , criminal Lawyers","https://www.google.com/maps/place/PAk+Karachi+Legal+Services,+family+Lawyer+,+Divorce+Lawyer+,+Property+Lawyer+,+criminal+Lawyers/data=!4m7!3m6!1s0x3eb33d1b4b08d4e3:0xc75418871fca52b6!8m2!3d24.8339102!4d67.0569785!16s%2Fg%2F11qqlzp5_m!19sChIJ49QISxs9sz4RtlLKH4cYVMc?authuser=0&hl=en&rclk=1",,4.8,66,0313 8111062
Ahmed Ali Khan & Co,https://www.google.com/maps/place/Ahmed+Ali+Khan+%26+Co/data=!4m7!3m6!1s0x3eb33d3a2781909d:0x8179852d5a1cd848!8m2!3d24.8305036!4d67.0677113!16s%2Fg%2F11q2xwf_nx!19sChIJnZCBJzo9sz4RSNgcWi2FeYE?authuser=0&hl=en&rclk=1,http://www.gabollaw.com/,5.0,155,0316 3313665
ADVOCATE Khawar Law Associates best Lawyer Legal consultants Gulshan Karachi,https://www.google.com/maps/place/ADVOCATE+Khawar+Law+Associates+best+Lawyer+Legal+consultants+Gulshan+Karachi/data=!4m7!3m6!1s0x3eb33f000bde8627:0xb799459721f732dc!8m2!3d24.8996599!4d67.0745227!16s%2Fg%2F11y49km724!19sChIJJ4beCwA_sz4R3DL3IZdFmbc?authuser=0&hl=en&rclk=1,https://sites.google.com/view/khawar-law-associates-/home,4.9,62,0302 2881379
Advocate Ahsan Abid Naich | Law Office,https://www.google.com/maps/place/Advocate+Ahsan+Abid+Naich+%7C+Law+Office/data=!4m7!3m6!1s0x3eb33f3fd47188c3:0x52bef724ff4c67d8!8m2!3d24.8585767!4d67.0275487!16s%2Fg%2F11j33kynff!19sChIJw4hx1D8_sz4R2GdM_yT3vlI?authuser=0&hl=en&rclk=1,https://naichlaw.com/,4.9,59,0300 2828881
Javed Qazi & Co. Law Firm,https://www.google.com/maps/place/Javed+Qazi+%26+Co.+Law+Firm/data=!4m7!3m6!1s0x3eb33d5fb9acf8e9:0xcba30995a1047f1c!8m2!3d24.8217915!4d67.0348573!16s%2Fg%2F11hz8mxmvr!19sChIJ6fisuV89sz4RHH8EoZUJo8s?authuser=0&hl=en&rclk=1,https://www.javedqazilawfirm.com/,4.8,26,0313 1234169
Karachi Divorce Lawyers,https://www.google.com/maps/place/Karachi+Divorce+Lawyers/data=!4m7!3m6!1s0x393b33ee13cd6503:0x307caa69fcff9895!8m2!3d24.860768!4d67.02509!16s%2Fg%2F1ptz3lvf4!19sChIJA2XNE-4zOzkRlZj__GmqfDA?authuser=0&hl=en&rclk=1,http://www.iqballawservices.com/,4.6,34,0333 2171556
MR LAW ASSOCIATES,https://www.google.com/maps/place/MR+LAW+ASSOCIATES/data=!4m7!3m6!1s0x3eb33fc6c9911be1:0xc2100f6c6468da93!8m2!3d24.8559375!4d67.0058125!16s%2Fg%2F11sdwpt2yf!19sChIJ4RuRycY_sz4Rk9poZGwPEMI?authuser=0&hl=en&rclk=1,http://mrlawassociates.com/,5.0,16,0336 3120798
Lexway Law Firm,https://www.google.com/maps/place/Lexway+Law+Firm/data=!4m7!3m6!1s0x3eb33dbf637697e9:0xbfcf1a46f7b3d2f3!8m2!3d24.8561424!4d67.0576234!16s%2Fg%2F11bysjs577!19sChIJ6Zd2Y789sz4R89Kz90Yaz78?authuser=0&hl=en&rclk=1,https://lexway.pk/,5.0,199,0331 2315597
Saba Shahzaib & Associates,https://www.google.com/maps/place/Saba+Shahzaib+%26+Associates/data=!4m7!3m6!1s0x3eb33f456503b421:0x988cbd581eb6e3bd!8m2!3d24.8513989!4d67.0099526!16s%2Fg%2F11t_t7ytx6!19sChIJIbQDZUU_sz4RveO2Hli9jJg?authuser=0&hl=en&rclk=1,https://sabashahzaib.com/,4.9,21,0312 2923010
M&D Law Associates,https://www.google.com/maps/place/M%26D+Law+Associates/data=!4m7!3m6!1s0xa3c4d3f276732bf9:0x5d8fc143aa441fbe!8m2!3d24.8585767!4d67.0275487!16s%2Fg%2F11twsg23h6!19sChIJ-StzdvLTxKMRvh9EqkPBj10?authuser=0&hl=en&rclk=1,,4.8,41,0333 3980444
Family Lawyer in Karachi Advocate Lawyers Legal Consultants Karachi Lawyers Family Civil Criminal Cases Lawyers,https://www.google.com/maps/place/Family+Lawyer+in+Karachi+Advocate+Lawyers+Legal+Consultants+Karachi+Lawyers+Family+Civil+Criminal+Cases+Lawyers/data=!4m7!3m6!1s0x3eb33f78ff35a49b:0xca37747d15f55d2e!8m2!3d24.860698!4d67.0177406!16s%2Fg%2F11mw02fns1!19sChIJm6Q1_3g_sz4RLl31FX10N8o?authuser=0&hl=en&rclk=1,,4.5,8,0333 7297683
Cyber crime lawyer Jamal Muhammad .,https://www.google.com/maps/place/Cyber+crime+lawyer+Jamal+Muhammad+./data=!4m7!3m6!1s0x3eb33d52fc8a2719:0xe17025ce3f44f4fc!8m2!3d24.8585767!4d67.0275487!16s%2Fg%2F11fptz26p5!19sChIJGSeK_FI9sz4R_PREP84lcOE?authuser=0&hl=en&rclk=1,,4.9,40,0300 3525825
Zahid Law Associates,https://www.google.com/maps/place/Zahid+Law+Associates/data=!4m7!3m6!1s0x3eb33e1209e1a13d:0xf5fc540f89abf000!8m2!3d24.8784453!4d67.0635324!16s%2Fg%2F11xm04fx4!19sChIJPaHhCRI-sz4RAPCriQ9U_PU?authuser=0&hl=en&rclk=1,https://zahidlaw.com/,4.6,84,0300 2329223
GNS Law Associates (Advocates & Legal Consultants),https://www.google.com/maps/place/GNS+Law+Associates+%28Advocates+%26+Legal+Consultants%29/data=!4m7!3m6!1s0x3eb33db81f518469:0xe5a2a96fbb7b071!8m2!3d24.8264456!4d67.0345487!16s%2Fg%2F11g9mfzqxd!19sChIJaYRRH7g9sz4RcbC3-5YqWg4?authuser=0&hl=en&rclk=1,https://gnslawassociates.pk/,5.0,81,0307 2924764
Lexway Law Firm,https://www.google.com/maps/place/Lexway+Law+Firm/data=!4m7!3m6!1s0x3eb33dbf637697e9:0xbfcf1a46f7b3d2f3!8m2!3d24.8561424!4d67.0576234!16s%2Fg%2F11bysjs577!19sChIJ6Zd2Y789sz4R89Kz90Yaz78?authuser=0&hl=en&rclk=1,https://lexway.pk/,5.0,199,+92 331 2315597
Advocate Muhammad Azam Khan,https://www.google.com/maps/place/Advocate+Muhammad+Azam+Khan/data=!4m7!3m6!1s0x3eb36b5d41e8ed1b:0x5b4e77623c4a1a09!8m2!3d24.8677296!4d67.0309669!16s%2Fg%2F11mwsnnvnz!19sChIJG-3oQV1rsz4RCRpKPGJ3Tls?authuser=0&hl=en&rclk=1,https://www.facebook.com/MUHAMMADAZAMKKHAN,5.0,18,+92 335 2209998
Zafar Iqbal Law Associates,https://www.google.com/maps/place/Zafar+Iqbal+Law+Associates/data=!4m7!3m6!1s0x3eb33f44a8330759:0xd9256071c54ed569!8m2!3d24.855933!4d67.0050143!16s%2Fg%2F11s46fclqs!19sChIJWQczqEQ_sz4RadVOxXFgJdk?authuser=0&hl=en&rclk=1,,5.0,7,+92 335 2071002
Irfan Mir Halepota Advocate Supreme Court Trademark Registration Pakistan High Litigation Sindh Service Tribunal Income Tax,https://www.google.com/maps/place/Irfan+Mir+Halepota+Advocate+Supreme+Court+Trademark+Registration+Pakistan+High+Litigation+Sindh+Service+Tribunal+Income+Tax/data=!4m7!3m6!1s0x3eb33dc59d7c8867:0x10ca85dca4b52ef5!8m2!3d24.8363625!4d67.0334249!16s%2Fg%2F12qgy6fps!19sChIJZ4h8ncU9sz4R9S61pNyFyhA?authuser=0&hl=en&rclk=1,https://www.irfanlaw.com/,4.2,19,+92 321 2057582
Advocate M.Nawaz Chandio,https://www.google.com/maps/place/Advocate+M.Nawaz+Chandio/data=!4m7!3m6!1s0x3eb33ff4489d4c21:0x6fb11e773737064d!8m2!3d24.85806!4d67.0240706!16s%2Fg%2F11j8w5w35t!19sChIJIUydSPQ_sz4RTQY3N3cesW8?authuser=0&hl=en&rclk=1,https://chandiolaw.com/,5.0,60,+92 306 3588796
Chorny Court HQ,https://www.google.com/maps/place/Chorny+Court+HQ/data=!4m7!3m6!1s0x3eb33f667e0e8779:0x1bf15af8fd1f5d28!8m2!3d24.8724926!4d67.069428!16s%2Fg%2F11st245cjt!19sChIJeYcOfmY_sz4RKF0f_fha8Rs?authuser=0&hl=en&rclk=1,,5.0,6,
Zahid Law Associates,https://www.google.com/maps/place/Zahid+Law+Associates/data=!4m7!3m6!1s0x3eb33e1209e1a13d:0xf5fc540f89abf000!8m2!3d24.8784453!4d67.0635324!16s%2Fg%2F11xm04fx4!19sChIJPaHhCRI-sz4RAPCriQ9U_PU?authuser=0&hl=en&rclk=1,https://zahidlaw.com/,4.6,84,+92 300 2329223
"Lawyers in Karachi - Trusted Legal Services | Family, Divorce, Property & Criminal Law","https://www.google.com/maps/place/Lawyers+in+Karachi+-+Trusted+Legal+Services+%7C+Family,+Divorce,+Property+%26+Criminal+Law/data=!4m7!3m6!1s0x3eb33f93de98224b:0xb20ee6be5cbb26fe!8m2!3d24.8518425!4d67.0069138!16s%2Fg%2F11yb6k3kl4!19sChIJSyKY3pM_sz4R_ia7XL7mDrI?authuser=0&hl=en&rclk=1",https://lawyersinkarachi.com/,5.0,2,+92 301 0712345
Hashim Irfan & Co,https://www.google.com/maps/place/Hashim+Irfan+%26+Co/data=!4m7!3m6!1s0x3eb33d7ef46c5235:0x59a1b4c9b5be2250!8m2!3d24.8328478!4d67.066682!16s%2Fg%2F11q1llm6s8!19sChIJNVJs9H49sz4RUCK-tcm0oVk?authuser=0&hl=en&rclk=1,,4.9,57,+92 321 2247158
GNS Law Associates (Advocates & Legal Consultants),https://www.google.com/maps/place/GNS+Law+Associates+%28Advocates+%26+Legal+Consultants%29/data=!4m7!3m6!1s0x3eb33db81f518469:0xe5a2a96fbb7b071!8m2!3d24.8264456!4d67.0345487!16s%2Fg%2F11g9mfzqxd!19sChIJaYRRH7g9sz4RcbC3-5YqWg4?authuser=0&hl=en&rclk=1,https://gnslawassociates.pk/,5.0,81,+92 307 2924764
M-Habib law associates,https://www.google.com/maps/place/M-Habib+law+associates/data=!4m7!3m6!1s0x3eb33fc39880775b:0x8ac5576b1c771746!8m2!3d24.9167488!4d67.0823207!16s%2Fg%2F11td_7tv6_!19sChIJW3eAmMM_sz4RRhd3HGtXxYo?authuser=0&hl=en&rclk=1,,5.0,7,+92 334 3300589
City Lawyers online (Mujahid Gul Advocate),https://www.google.com/maps/place/City+Lawyers+online+%28Mujahid+Gul+Advocate%29/data=!4m7!3m6!1s0x3eb33ffcd2ee354d:0x9bf6e95af56e4984!8m2!3d24.8566794!4d67.0053833!16s%2Fg%2F11kqbm_j2l!19sChIJTTXu0vw_sz4RhElu9Vrp9ps?authuser=0&hl=en&rclk=1,http://citylawyersonline.blogspot.com/,4.8,43,+92 340 0834767
Hakam Shah,https://www.google.com/maps/place/Hakam+Shah/data=!4m7!3m6!1s0x3eb33f109543d181:0x8b5be6b96617d19a!8m2!3d24.8644773!4d67.0229841!16s%2Fg%2F11jpbnfsjd!19sChIJgdFDlRA_sz4RmtEXZrnmW4s?authuser=0&hl=en&rclk=1,https://hakamshah.com/,5.0,14,+92 300 2823340
Family Lawyer,https://www.google.com/maps/place/Family+Lawyer/data=!4m7!3m6!1s0x3eb33d24cc0b596d:0x80385620f03fdee4!8m2!3d24.831235!4d67.0247404!16s%2Fg%2F11h47t3gtp!19sChIJbVkLzCQ9sz4R5N4_8CBWOIA?authuser=0&hl=en&rclk=1,https://www.hydershar.com//legal-services/family-matters/divorce/,5.0,2,+92 311 1555197
"Advocate Adnan Ahmed & Co Law Firm - Civil, Criminal, Banking, Customs & Constitution Lawyers","https://www.google.com/maps/place/Advocate+Adnan+Ahmed+%26+Co+Law+Firm+-+Civil,+Criminal,+Banking,+Customs+%26+Constitution+Lawyers/data=!4m7!3m6!1s0x3eb33f5d14cae349:0x2559a09549d4c904!8m2!3d24.8540884!4d67.0066372!16s%2Fg%2F11g2xrwk0v!19sChIJSePKFF0_sz4RBMnUSZWgWSU?authuser=0&hl=en&rclk=1",,5.0,4,+92 300 2145051
KHAWAJA SHAMS-UL-ISLAM,https://www.google.com/maps/place/KHAWAJA+SHAMS-UL-ISLAM/data=!4m7!3m6!1s0x3eb33d9a0b57558b:0x75d007261af8ac50!8m2!3d24.8173749!4d67.0386607!16s%2Fg%2F11mb4jjqv5!19sChIJi1VXC5o9sz4RUKz4GiYH0HU?authuser=0&hl=en&rclk=1,,4.4,25,+92 21 35810398
Muhammad Nizar Tanoli Law Associates,https://www.google.com/maps/place/Muhammad+Nizar+Tanoli+Law+Associates/data=!4m7!3m6!1s0x3eb33fbe013e71d1:0x635bb9696deaa735!8m2!3d24.8683524!4d67.0579292!16s%2Fg%2F11vdh1skvk!19sChIJ0XE-Ab4_sz4RNafqbWm5W2M?authuser=0&hl=en&rclk=1,https://mntanolilaw.com/,5.0,40,+92 300 3554582
Seedani Legal Care Co,https://www.google.com/maps/place/Seedani+Legal+Care+Co/data=!4m7!3m6!1s0x3eb33f8e26e6e10b:0x737108f3899935b1!8m2!3d24.8585767!4d67.0275487!16s%2Fg%2F11tp51fz23!19sChIJC-HmJo4_sz4RsTWZifMIcXM?authuser=0&hl=en&rclk=1,,5.0,18,+92 333 3988871
ADV ASIF ALI JOKHIO & CO.,https://www.google.com/maps/place/ADV+ASIF+ALI+JOKHIO+%26+CO./data=!4m7!3m6!1s0x3eb33f0679bbf5f7:0xf21271d4c43d64fa!8m2!3d24.8555048!4d67.0051154!16s%2Fg%2F11tn6nfzqf!19sChIJ9_W7eQY_sz4R-mQ9xNRxEvI?authuser=0&hl=en&rclk=1,,4.9,11,+92 300 2503071
Mustafa Jagirani & Company law firm,https://www.google.com/maps/place/Mustafa+Jagirani+%26+Company+law+firm/data=!4m7!3m6!1s0x3eb3390b15d59159:0xe25877377be6d6b8!8m2!3d24.8271845!4d67.0338927!16s%2Fg%2F11lkqz3xqk!19sChIJWZHVFQs5sz4RuNbmezd3WOI?authuser=0&hl=en&rclk=1,,4.6,14,+92 313 3691684
Lawyer / Advocate cum Pleader High Court Javed Ali Seelro,https://www.google.com/maps/place/Lawyer+%2F+Advocate+cum+Pleader+High+Court+Javed+Ali+Seelro/data=!4m7!3m6!1s0x3eb33f6f5cacad1d:0xa185999f74fd0fe6!8m2!3d24.8088134!4d67.0509984!16s%2Fg%2F11l5xyvvc_!19sChIJHa2sXG8_sz4R5g_9dJ-ZhaE?authuser=0&hl=en&rclk=1,https://www.facebook.com/PleaderJavedAliSeelro?mibextid=ZbWKwL,5.0,1,+92 313 3409955
Advocate Jan Muhammad Naich Law Associates,https://www.google.com/maps/place/Advocate+Jan+Muhammad+Naich+Law+Associates/data=!4m7!3m6!1s0x3eb33ff9f46496ed:0x7379b995f81c1e0b!8m2!3d24.8559878!4d67.0049968!16s%2Fg%2F11tny42f73!19sChIJ7ZZk9Pk_sz4RCx4c-JW5eXM?authuser=0&hl=en&rclk=1,,5.0,1,+92 300 2487788
Advocate Afsar Ali Jalbani,https://www.google.com/maps/place/Advocate+Afsar+Ali+Jalbani/data=!4m7!3m6!1s0x3eb33ffa677292f9:0x3a7063300fe23340!8m2!3d24.85631!4d67.0051405!16s%2Fg%2F11q8rpsmx7!19sChIJ-ZJyZ_o_sz4RQDPiDzBjcDo?authuser=0&hl=en&rclk=1,,4.9,23,+92 305 8320683
Tanveer Ahmed & Associates; Advocates,https://www.google.com/maps/place/Tanveer+Ahmed+%26+Associates;+Advocates/data=!4m7!3m6!1s0x3eb33e008b7574b7:0x4289a7c9e79c3f5c!8m2!3d24.84629!4d67.0024754!16s%2Fg%2F1s04wqg2g!19sChIJt3R1iwA-sz4RXD-c58mniUI?authuser=0&hl=en&rclk=1,http://www.taalaw.net/,4.8,12,+92 21 32470256
Lawyers of Pakistan,https://www.google.com/maps/place/Lawyers+of+Pakistan/data=!4m7!3m6!1s0x3eb33dafc4689b49:0x7cb3dbb7b4ec4b92!8m2!3d24.8261074!4d67.0263169!16s%2Fg%2F11fp7shh79!19sChIJSZtoxK89sz4RkkvstLfbs3w?authuser=0&hl=en&rclk=1,http://lawyersofpakistan.com/,4.8,5,+92 336 2418786
"M/s MUSHTAQ A MEMON & ASSOCIATES, Law Firm & Lawyers","https://www.google.com/maps/place/M%2Fs+MUSHTAQ+A+MEMON+%26+ASSOCIATES,+Law+Firm+%26+Lawyers/data=!4m7!3m6!1s0x3eb33e8fe7aa82cb:0xf27491339bfd2281!8m2!3d24.8680922!4d67.0547101!16s%2Fg%2F11b6t4zpk9!19sChIJy4Kq548-sz4RgSL9mzORdPI?authuser=0&hl=en&rclk=1",,4.5,2,+92 335 2151533
Abdul Karim Khan & Company - Best Law Firm in Karachi,https://www.google.com/maps/place/Abdul+Karim+Khan+%26+Company+-+Best+Law+Firm+in+Karachi/data=!4m7!3m6!1s0x3eb33f635fa2a751:0xdffe7a08ddab747d!8m2!3d24.8518871!4d67.0340789!16s%2Fg%2F11fnppb0sq!19sChIJUaeiX2M_sz4RfXSr3Qh6_t8?authuser=0&hl=en&rclk=1,https://www.akkclaw.com/,4.9,51,+92 331 2407896
Usmani & Iqbal,https://www.google.com/maps/place/Usmani+%26+Iqbal/data=!4m7!3m6!1s0x3eb33d9f3ddadddf:0x5e8d01251614cb26!8m2!3d24.8094167!4d67.0321915!16s%2Fg%2F11ghsb4qvf!19sChIJ393aPZ89sz4RJssUFiUBjV4?authuser=0&hl=en&rclk=1,http://www.usmaniandiqbal.com.pk/,5.0,3,+92 21 35865133
Mahboob Rizvi Law Associates,https://www.google.com/maps/place/Mahboob+Rizvi+Law+Associates/data=!4m7!3m6!1s0x3eb33e14af1231b5:0x467fb73ca4c0e552!8m2!3d24.8652539!4d67.0228971!16s%2Fg%2F11g6lydr56!19sChIJtTESrxQ-sz4RUuXApDy3f0Y?authuser=0&hl=en&rclk=1,https://rizvislaw.com/,5.0,13,+92 300 3337442
lawyer,https://www.google.com/maps/place/lawyer/data=!4m7!3m6!1s0x3eb33dc57a69f753:0x8b43b778c6388952!8m2!3d24.8269877!4d67.025096!16s%2Fg%2F11j3sd6vtb!19sChIJU_dpesU9sz4RUok4xni3Q4s?authuser=0&hl=en&rclk=1,,,,+92 302 2528211
Black Suit Lawyers,https://www.google.com/maps/place/Black+Suit+Lawyers/data=!4m7!3m6!1s0x3eb3398e61a902e3:0xb546cd8b0ff16483!8m2!3d24.9161057!4d67.1013958!16s%2Fg%2F11vm7pnwr_!19sChIJ4wKpYY45sz4Rg2TxD4vNRrU?authuser=0&hl=en&rclk=1,https://www.blacksuitlawyers.com/,5.0,11,+92 21 34980801
Legal Services For All,https://www.google.com/maps/place/Legal+Services+For+All/data=!4m7!3m6!1s0x3eb33f7bbd7a62cd:0xb79b7d5462c7f885!8m2!3d24.8560455!4d67.009055!16s%2Fg%2F11qh0wcw8g!19sChIJzWJ6vXs_sz4RhfjHYlR9m7c?authuser=0&hl=en&rclk=1,,5.0,25,+92 311 3472275
"KKIT LAWYERS [Advocate Mehmood Husain Ch.] (criminal, Civil, Family, Taxation)","https://www.google.com/maps/place/KKIT+LAWYERS+%5BAdvocate+Mehmood+Husain+Ch.%5D+%28criminal,+Civil,+Family,+Taxation%29/data=!4m7!3m6!1s0x3eb33d136746ee33:0xba2314ce107e1cad!8m2!3d24.8309506!4d67.0669179!16s%2Fg%2F11kwtkp2hh!19sChIJM-5GZxM9sz4RrRx-EM4UI7o?authuser=0&hl=en&rclk=1",,5.0,6,+92 336 3368640
Rasheed Razvi & Associates,https://www.google.com/maps/place/Rasheed+Razvi+%26+Associates/data=!4m7!3m6!1s0x3eb33dbbc65e303f:0x25963e0c8073fc33!8m2!3d24.82003!4d67.0307632!16s%2Fg%2F11b6hpk704!19sChIJPzBexrs9sz4RM_xzgAw-liU?authuser=0&hl=en&rclk=1,,4.4,51,+92 21 35822371
"AHMED LAW ASSOCIATES - Lawyers, Advocates, Barristers & Legal Consultants - Law Firm","https://www.google.com/maps/place/AHMED+LAW+ASSOCIATES+-+Lawyers,+Advocates,+Barristers+%26+Legal+Consultants+-+Law+Firm/data=!4m7!3m6!1s0x3eb33db81a725e0d:0x36d3f40339cf6fdd!8m2!3d24.8271845!4d67.0338927!16s%2Fg%2F11b6v2pkn1!19sChIJDV5yGrg9sz4R3W_POQP00zY?authuser=0&hl=en&rclk=1",,4.3,117,+92 333 3638455
Danial Faraz Khan Ujjan (Ujjan Law Associates),https://www.google.com/maps/place/Danial+Faraz+Khan+Ujjan+%28Ujjan+Law+Associates%29/data=!4m7!3m6!1s0x3eb33fe47f3e1b59:0x892db3f83123f57f!8m2!3d24.8566875!4d67.0053125!16s%2Fg%2F11sthl0bsm!19sChIJWRs-f-Q_sz4Rf_UjMfizLYk?authuser=0&hl=en&rclk=1,,5.0,10,+92 314 2030234
Shahid Anwar Bajwa & Co.,https://www.google.com/maps/place/Shahid+Anwar+Bajwa+%26+Co./data=!4m7!3m6!1s0x3eb33de39eb46acb:0xafa24e18ff361ae7!8m2!3d24.8268129!4d67.0389603!16s%2Fg%2F11hk36fm6q!19sChIJy2q0nuM9sz4R5xo2_xhOoq8?authuser=0&hl=en&rclk=1,,4.8,12,+92 21 35833261
Vellani and Vellani,https://www.google.com/maps/place/Vellani+and+Vellani/data=!4m7!3m6!1s0x3eb33c157ee03d49:0x82a96614a3585029!8m2!3d24.8365265!4d67.0705215!16s%2Fg%2F1hdzbmjln!19sChIJST3gfhU8sz4RKVBYoxRmqYI?authuser=0&hl=en&rclk=1,http://www.vellani.com/,4.4,44,+92 21 35801000
Hoor Centre,https://www.google.com/maps/place/Hoor+Centre/data=!4m7!3m6!1s0x3eb33e049741ef79:0xb594859f2845ba80!8m2!3d24.8553208!4d67.0055269!16s%2Fg%2F11g6z1dv67!19sChIJee9BlwQ-sz4RgLpFKJ-FlLU?authuser=0&hl=en&rclk=1,,3.9,55,+92 313 1214654
Family Lawyer,https://www.google.com/maps/place/Family+Lawyer/data=!4m7!3m6!1s0x3eb33d09eb8fb09f:0x558e3ea6814c647d!8m2!3d24.8335149!4d67.0342805!16s%2Fg%2F11hywc7lg6!19sChIJn7CP6wk9sz4RfWRMgaY-jlU?authuser=0&hl=en&rclk=1,https://www.hydershar.com/who-we-are/,5.0,2,+92 311 1555197
H.S Law Associates,https://www.google.com/maps/place/H.S+Law+Associates/data=!4m7!3m6!1s0x3eb33f889469c05d:0xfe9a4e3c68acd7bd!8m2!3d24.8644286!4d67.022909!16s%2Fg%2F11qg3zq1y7!19sChIJXcBplIg_sz4RvdesaDxOmv4?authuser=0&hl=en&rclk=1,https://hslawassociates.com/,4.9,15,+92 300 2823340
Pirzada Law Chambers,https://www.google.com/maps/place/Pirzada+Law+Chambers/data=!4m7!3m6!1s0x3eb33fd4a30f8eeb:0x884541532f2257dd!8m2!3d24.8576848!4d67.0238209!16s%2Fg%2F11fpkzq08p!19sChIJ644Po9Q_sz4R3VciL1NBRYg?authuser=0&hl=en&rclk=1,http://pirzadalaw.com/,5.0,2,+92 342 3782532
PakistanLawyer.com,https://www.google.com/maps/place/PakistanLawyer.com/data=!4m7!3m6!1s0x3eb33f7d78f578ad:0xcf1bfa2da44c08b2!8m2!3d24.8589035!4d67.0264717!16s%2Fg%2F11p3ht9t_h!19sChIJrXj1eH0_sz4RsghMpC36G88?authuser=0&hl=en&rclk=1,http://www.pakistanlawyer.com/,5.0,5,+92 311 1554447
Advocate Bahzad Akbar,https://www.google.com/maps/place/Advocate+Bahzad+Akbar/data=!4m7!3m6!1s0x3eb33f1cd5c01263:0x8d374983b1afe74d!8m2!3d24.8550625!4d67.0056875!16s%2Fg%2F11j8x3fhfs!19sChIJYxLA1Rw_sz4RTeevsYNJN40?authuser=0&hl=en&rclk=1,,4.7,3,+92 308 0009237
ADV SADA,https://www.google.com/maps/place/ADV+SADA/data=!4m7!3m6!1s0x3eb33fb05fc28647:0x9360ad8944589edb!8m2!3d30.3629572!4d68.9966984!16s%2Fg%2F11k168qhnf!19sChIJR4bCX7A_sz4R255YRImtYJM?authuser=0&hl=en&rclk=1,,5.0,3,+92 300 9700109
Family Lawyer,https://www.google.com/maps/place/Family+Lawyer/data=!4m7!3m6!1s0x3eb33d655d747f5f:0xe246091a48dc6e01!8m2!3d24.8454398!4d67.0745405!16s%2Fg%2F11hywgrjfp!19sChIJX390XWU9sz4RAW7cSBoJRuI?authuser=0&hl=en&rclk=1,https://www.hydershar.com/,3.0,2,+92 311 1555197
FGE Ebrahim Hosain,https://www.google.com/maps/place/FGE+Ebrahim+Hosain/data=!4m7!3m6!1s0x3eb33dbbf92dd647:0x70ea0ad45b8e8ab6!8m2!3d24.8211401!4d67.028902!16s%2Fg%2F11c1mzt6dn!19sChIJR9Yt-bs9sz4RtoqOW9QK6nA?authuser=0&hl=en&rclk=1,http://www.fge-eh.com/,4.5,34,+92 21 35875957
KKIT Lawyers ( Adv Mehmood Husain Ch ),https://www.google.com/maps/place/KKIT+Lawyers+%28+Adv+Mehmood+Husain+Ch+%29/data=!4m7!3m6!1s0x3eb33f380017c813:0xe7ee7831e61d90ba!8m2!3d24.8586647!4d67.0271631!16s%2Fg%2F11s417jnj0!19sChIJE8gXADg_sz4RupAd5jF47uc?authuser=0&hl=en&rclk=1,,5.0,2,+92 345 4603441
"Abid Feroze & Associates, Lawyers","https://www.google.com/maps/place/Abid+Feroze+%26+Associates,+Lawyers/data=!4m7!3m6!1s0x3eb33fab10c43637:0xac33f2008277bf60!8m2!3d24.8512797!4d67.0292386!16s%2Fg%2F11t6_q9s_1!19sChIJNzbEEKs_sz4RYL93ggDyM6w?authuser=0&hl=en&rclk=1",,5.0,1,+92 333 2443230
Atta & Qazi Law Associates,https://www.google.com/maps/place/Atta+%26+Qazi+Law+Associates/data=!4m7!3m6!1s0x3eb33d5b68efa457:0xb1bbaa9253078235!8m2!3d24.8585767!4d67.0275487!16s%2Fg%2F11jgkyr3f9!19sChIJV6TvaFs9sz4RNYIHU5Kqu7E?authuser=0&hl=en&rclk=1,,5.0,1,+92 300 3299234
Paradise Chambers,https://www.google.com/maps/place/Paradise+Chambers/data=!4m7!3m6!1s0x3eb33f8d9676461b:0xce9c7d285e701852!8m2!3d24.8581777!4d67.0237067!16s%2Fg%2F11fpg9_9d_!19sChIJG0Z2lo0_sz4RUhhwXih9nM4?authuser=0&hl=en&rclk=1,https://www.sardarco.org/,4.7,9,
JJ Law Associates,https://www.google.com/maps/place/JJ+Law+Associates/data=!4m7!3m6!1s0x3eb33f2892f1eff7:0xf1a36c33856f305b!8m2!3d24.8538694!4d67.0098219!16s%2Fg%2F11l5pzp7p3!19sChIJ9-_xkig_sz4RWzBvhTNso_E?authuser=0&hl=en&rclk=1,,5.0,2,+92 333 0300666
Chisty Law Chambers Karachi - Law Firm,https://www.google.com/maps/place/Chisty+Law+Chambers+Karachi+-+Law+Firm/data=!4m7!3m6!1s0x3eb33fa6504847ab:0x4714b0b8ddae9b88!8m2!3d24.8614947!4d67.0663673!16s%2Fg%2F11hxzgl6vv!19sChIJq0dIUKY_sz4RiJuu3biwFEc?authuser=0&hl=en&rclk=1,https://www.chistylawchambers.com/,4.4,50,+92 21 34541401
Sarmast Law Associates,https://www.google.com/maps/place/Sarmast+Law+Associates/data=!4m7!3m6!1s0x3eb33f83d6ebe045:0x87d45d30a77effdc!8m2!3d24.8518425!4d67.0069138!16s%2Fg%2F11fmh83sxy!19sChIJReDr1oM_sz4R3P9-pzBd1Ic?authuser=0&hl=en&rclk=1,,4.2,6,+92 333 2132578
Dicvvorce Lawyer Karachi,https://www.google.com/maps/place/Dicvvorce+Lawyer+Karachi/data=!4m7!3m6!1s0x3eb33e0221896aab:0x1e7728552c05c2f5!8m2!3d24.8508871!4d67.0004125!16s%2Fg%2F11l5h8zw24!19sChIJq2qJIQI-sz4R9cIFLFUodx4?authuser=0&hl=en&rclk=1,http://divorcelawyerkarachi.com/,,,+92 346 4988403
Family Divorce Khula Court Marriage Registration Woman Rights Property Child Custody High Court Lawyer Customs Tax Tribunal,https://www.google.com/maps/place/Family+Divorce+Khula+Court+Marriage+Registration+Woman+Rights+Property+Child+Custody+High+Court+Lawyer+Customs+Tax+Tribunal/data=!4m7!3m6!1s0x3eb33d8f7f6e25b5:0xcb5c086670c853e!8m2!3d24.8362541!4d67.0336379!16s%2Fg%2F11cfhz9p1!19sChIJtSVuf489sz4RPoUMZ4bAtQw?authuser=0&hl=en&rclk=1,,3.0,4,+92 300 8233580
MMLAW,https://www.google.com/maps/place/MMLAW/data=!4m7!3m6!1s0x3eb33f2d76984d47:0xde94c230fecf9a29!8m2!3d24.8559111!4d67.0050397!16s%2Fg%2F11lglhdhqc!19sChIJR02Ydi0_sz4RKZrP_jDClN4?authuser=0&hl=en&rclk=1,,,,+92 303 2888380
Immigration Advisory Services,https://www.google.com/maps/place/Immigration+Advisory+Services/data=!4m7!3m6!1s0x3eb33e8335141b19:0x44bfb7c605963181!8m2!3d24.8577144!4d67.0455718!16s%2Fg%2F1tjf8r6p!19sChIJGRsUNYM-sz4RgTGWBca3v0Q?authuser=0&hl=en&rclk=1,http://www.iaspk.org/,4.9,42,+92 21 34302518
Free Legal Advice,https://www.google.com/maps/place/Free+Legal+Advice/data=!4m7!3m6!1s0x3eb333a36b941e01:0xb44d82c4e121f2ae!8m2!3d24.8561108!4d67.0048254!16s%2Fg%2F11vbs0dxqd!19sChIJAR6Ua6Mzsz4RrvIh4cSCTbQ?authuser=0&hl=en&rclk=1,,5.0,8,+92 333 2888406
Sardar & Co,https://www.google.com/maps/place/Sardar+%26+Co/data=!4m7!3m6!1s0x3eb33f0489152781:0xf2d15314420de1cd!8m2!3d24.858261!4d67.0237993!16s%2Fg%2F11t6pmtjvc!19sChIJgScViQQ_sz4RzeENQhRT0fI?authuser=0&hl=en&rclk=1,https://www.sardarco.org/contact-us/,5.0,4,+92 316 2155950
Legal Consultation,https://www.google.com/maps/place/Legal+Consultation/data=!4m7!3m6!1s0x3eb33ff9e14e873d:0xe2cd8591f738756a!8m2!3d24.8587171!4d67.0272225!16s%2Fg%2F11j4f6dnt6!19sChIJPYdO4fk_sz4RanU495GFzeI?authuser=0&hl=en&rclk=1,,4.0,1,+92 335 2442050
Saleem Altaf & Co.,https://www.google.com/maps/place/Saleem+Altaf+%26+Co./data=!4m7!3m6!1s0x3eb33e135eb56d05:0xe75a5bbbec50b959!8m2!3d24.8648964!4d67.0215046!16s%2Fg%2F11clyqkqmc!19sChIJBW21XhM-sz4RWblQ7LtbWuc?authuser=0&hl=en&rclk=1,,5.0,1,+92 313 2723407
Property Law Advisor,https://www.google.com/maps/place/Property+Law+Advisor/data=!4m7!3m6!1s0x3eb33f06c74eb501:0xd3eba8cf7e29c5e5!8m2!3d24.9045712!4d67.0508922!16s%2Fg%2F11g_60952!19sChIJAbVOxwY_sz4R5cUpfs-o69M?authuser=0&hl=en&rclk=1,http://www.facebook.com/laddoolemonlime,4.0,1,+92 300 3777276
BUKHARI ASSOCIATES,https://www.google.com/maps/place/BUKHARI+ASSOCIATES/data=!4m7!3m6!1s0x3eb33ff0510602e9:0x8626317a1ad09d11!8m2!3d24.852139!4d67.0064221!16s%2Fg%2F11j65h4dvn!19sChIJ6QIGUfA_sz4REZ3QGnoxJoY?authuser=0&hl=en&rclk=1,,5.0,1,+92 321 9285372
FFB Law Associates,https://www.google.com/maps/place/FFB+Law+Associates/data=!4m7!3m6!1s0x3eb33eafec017da9:0xc845372d7d1821e!8m2!3d24.8683576!4d67.0826429!16s%2Fg%2F11fy4z__rn!19sChIJqX0B7K8-sz4RHoLR13JThAw?authuser=0&hl=en&rclk=1,http://www.ffblawpk.com/,5.0,4,
BABAR ALI AND CO ADVOCATES,https://www.google.com/maps/place/BABAR+ALI+AND+CO+ADVOCATES/data=!4m7!3m6!1s0x3eb33f763af52699:0x22c8a07dff60086!8m2!3d24.904517!4d67.0778327!16s%2Fg%2F11q318rbhx!19sChIJmSb1OnY_sz4RhgD23weKLAI?authuser=0&hl=en&rclk=1,https://sites.google.com/view/babaraliandcoadvocates,4.7,14,+92 336 3504140
Zabar Law Associates,https://www.google.com/maps/place/Zabar+Law+Associates/data=!4m7!3m6!1s0x3eb33ea3c359a97d:0x1854155867001d6c!8m2!3d24.8632639!4d67.0743981!16s%2Fg%2F11fyx8tx7b!19sChIJfalZw6M-sz4RbB0AZ1gVVBg?authuser=0&hl=en&rclk=1,http://www.zabar.com.pk/,4.1,49,+92 21 37234206
Fazleghani Advocates,https://www.google.com/maps/place/Fazleghani+Advocates/data=!4m7!3m6!1s0x3eb33d7249d885e5:0x524032649866931b!8m2!3d24.8316831!4d67.0379969!16s%2Fg%2F11h3mtcw5h!19sChIJ5YXYSXI9sz4RG5NmmGQyQFI?authuser=0&hl=en&rclk=1,http://fazleghani.com/,3.8,44,+92 21 35879511
Saulatbari&Co,https://www.google.com/maps/place/Saulatbari%26Co/data=!4m7!3m6!1s0x3eb33f7f697f7e35:0x3b7708390ec51d6d!8m2!3d24.8704542!4d67.0616308!16s%2Fg%2F11hg5q5fjn!19sChIJNX5_aX8_sz4RbR3FDjkIdzs?authuser=0&hl=en&rclk=1,,5.0,2,+92 21 34548536
UK Visa Refusals Consultant,https://www.google.com/maps/place/UK+Visa+Refusals+Consultant/data=!4m7!3m6!1s0x3eb33f48cfe5454d:0x2cf2c5ec0a717484!8m2!3d24.8782837!4d67.0188565!16s%2Fg%2F11fn5_dkj4!19sChIJTUXlz0g_sz4RhHRxCuzF8iw?authuser=0&hl=en&rclk=1,,5.0,1,+92 345 2598991
Wajahat Law Associate,https://www.google.com/maps/place/Wajahat+Law+Associate/data=!4m7!3m6!1s0x3eb33f82a07bb6c5:0xac4283e0f9d54a34!8m2!3d24.8619724!4d67.0254126!16s%2Fg%2F11vhyflxz7!19sChIJxbZ7oII_sz4RNErV-eCDQqw?authuser=0&hl=en&rclk=1,,5.0,8,+92 344 3990032
Ghazi & Magsi - G&M Law Firm,https://www.google.com/maps/place/Ghazi+%26+Magsi+-+G%26M+Law+Firm/data=!4m7!3m6!1s0x392e5f1dd572a659:0x9f1a4b6b7ba938d5!8m2!3d24.8271845!4d67.0338927!16s%2Fg%2F11b5qy6bxm!19sChIJWaZy1R1fLjkR1Tipe2tLGp8?authuser=0&hl=en&rclk=1,https://www.mgmlegal.org/,4.2,5,+92 21 35822618
MMK Advocates & Solicitors,https://www.google.com/maps/place/MMK+Advocates+%26+Solicitors/data=!4m7!3m6!1s0x3eb33f0041dbd1d7:0x7684d5c3c1ca5e84!8m2!3d24.8523704!4d67.0074782!16s%2Fg%2F11vxwbndfr!19sChIJ19HbQQA_sz4RhF7KwcPVhHY?authuser=0&hl=en&rclk=1,,4.9,18,
Ismail Padhiar Advocates & Company,https://www.google.com/maps/place/Ismail+Padhiar+Advocates+%26+Company/data=!4m7!3m6!1s0x3eb33e04116eebc3:0x1021ba5917ad734d!8m2!3d24.8524085!4d67.0057519!16s%2Fg%2F11byp6kjt5!19sChIJw-tuEQQ-sz4RTXOtF1m6IRA?authuser=0&hl=en&rclk=1,,,,+92 21 32410283
Nishtar & Zafar | Advocates & Corporate Counsels,https://www.google.com/maps/place/Nishtar+%26+Zafar+%7C+Advocates+%26+Corporate+Counsels/data=!4m7!3m6!1s0x3eb33dc47d052ca9:0xea1a4a379f1121aa!8m2!3d24.8355002!4d67.0292026!16s%2Fg%2F1hc7nsw0d!19sChIJqSwFfcQ9sz4RqiERnzdKGuo?authuser=0&hl=en&rclk=1,,4.1,23,+92 21 35861219
Shahzaib Abdullah & Co.,https://www.google.com/maps/place/Shahzaib+Abdullah+%26+Co./data=!4m7!3m6!1s0x3eb33d05d420a5e9:0x8ee6d3646d93ea70!8m2!3d24.8261372!4d67.0261992!16s%2Fg%2F11vbdx17yz!19sChIJ6aUg1AU9sz4RcOqTbWTT5o4?authuser=0&hl=en&rclk=1,http://www.lawyersofpakistan.com/lawyer/shahzaib,5.0,4,+92 336 2418786
KMS Law Associates,https://www.google.com/maps/place/KMS+Law+Associates/data=!4m7!3m6!1s0x3eb33d85cadc5a5d:0x3429b7288fa4f56a!8m2!3d24.8448918!4d67.0241382!16s%2Fg%2F11f7byzhfd!19sChIJXVrcyoU9sz4RavWkjyi3KTQ?authuser=0&hl=en&rclk=1,,3.8,6,+92 21 35675221
Aziz Ahmed Shar Advocate High Court at Karachi.,https://www.google.com/maps/place/Aziz+Ahmed+Shar+Advocate+High+Court+at+Karachi./data=!4m7!3m6!1s0x3eb33febdef9e559:0x4645405f23c7d034!8m2!3d24.8593327!4d67.0257954!16s%2Fg%2F11p064fnqk!19sChIJWeX53us_sz4RNNDHI19ARUY?authuser=0&hl=en&rclk=1,,5.0,1,+92 300 9245896
Active Lawyers Law Firm,https://www.google.com/maps/place/Active+Lawyers+Law+Firm/data=!4m7!3m6!1s0x3eb33f0b5adab56f:0xdd009601c10db16f!8m2!3d24.8555289!4d67.0051693!16s%2Fg%2F11sx08hjpy!19sChIJb7XaWgs_sz4Rb7ENwQGWAN0?authuser=0&hl=en&rclk=1,,,,+92 345 2289918
Amir Ismail & Associates - Citizenship and Immigration Solutions - Karachi Office,https://www.google.com/maps/place/Amir+Ismail+%26+Associates+-+Citizenship+and+Immigration+Solutions+-+Karachi+Office/data=!4m7!3m6!1s0x3eb33e782769dcaf:0xbe890a032704f330!8m2!3d24.852265!4d67.034723!16s%2Fg%2F11ckqs1gr9!19sChIJr9xpJ3g-sz4RMPMEJwMKib4?authuser=0&hl=en&rclk=1,https://www.amirismail.com/,5.0,976,+92 333 2877883
Amir Ismail & Associates - Citizenship and Immigration Solutions - Karachi Office,https://www.google.com/maps/place/Amir+Ismail+%26+Associates+-+Citizenship+and+Immigration+Solutions+-+Karachi+Office/data=!4m7!3m6!1s0x3eb33e782769dcaf:0xbe890a032704f330!8m2!3d24.852265!4d67.034723!16s%2Fg%2F11ckqs1gr9!19sChIJr9xpJ3g-sz4RMPMEJwMKib4?authuser=0&hl=en&rclk=1,https://www.amirismail.com/,5.0,976,+92 333 2877883
lawyer associates,https://www.google.com/maps/place/lawyer+associates/data=!4m7!3m6!1s0x3eb33da00b83de7b:0x27d802913de2d325!8m2!3d24.8532788!4d67.0687066!16s%2Fg%2F11p_6qfss2!19sChIJe96DC6A9sz4RJdPiPZEC2Cc?authuser=0&hl=en&rclk=1,,,,+92 300 2203619
FAY and LAW Associates,https://www.google.com/maps/place/FAY+and+LAW+Associates/data=!4m7!3m6!1s0x3eb33ffe6f6bf749:0x10f5a7c2f836a50a!8m2!3d24.8662217!4d67.0566441!16s%2Fg%2F11lpx85b7w!19sChIJSfdrb_4_sz4RCqU2-MKn9RA?authuser=0&hl=en&rclk=1,,5.0,4,+92 21 34387227
Nehal Hashmi Law Associates,https://www.google.com/maps/place/Nehal+Hashmi+Law+Associates/data=!4m7!3m6!1s0x3eb33f7151d3261d:0x9119e16033caea8f!8m2!3d24.8510639!4d67.0168121!16s%2Fg%2F11rn7dj0hl!19sChIJHSbTUXE_sz4Rj-rKM2DhGZE?authuser=0&hl=en&rclk=1,https://www.linkedin.com/company/nhla-org-law/,5.0,2,+92 21 37220543
Amar Law Associates,https://www.google.com/maps/place/Amar+Law+Associates/data=!4m7!3m6!1s0x3eb33f31a7b5a1b9:0xb6dfe128d514432a!8m2!3d24.8518425!4d67.0069138!16s%2Fg%2F11v6dfbn1g!19sChIJuaG1pzE_sz4RKkMU1Sjh37Y?authuser=0&hl=en&rclk=1,,5.0,3,
Abdul Majeed Khoso & Associates- Best Law Firm in Karachi.,https://www.google.com/maps/place/Abdul+Majeed+Khoso+%26+Associates-+Best+Law+Firm+in+Karachi./data=!4m7!3m6!1s0x3eb33f65b4d79409:0x1e3bc54c6c88b0df!8m2!3d24.8479478!4d67.0002562!16s%2Fg%2F11shs4y92g!19sChIJCZTXtGU_sz4R37CIbEzFOx4?authuser=0&hl=en&rclk=1,,4.0,4,+92 333 3488322
ZIA BASHIR LAW ASSOCIATES KARACHI PAKISTAN,https://www.google.com/maps/place/ZIA+BASHIR+LAW+ASSOCIATES+KARACHI+PAKISTAN/data=!4m7!3m6!1s0x3eb33e06598dfceb:0x62b35d009197bb29!8m2!3d24.8586895!4d67.0275864!16s%2Fg%2F11cmts2q3b!19sChIJ6_yNWQY-sz4RKbuXkQBds2I?authuser=0&hl=en&rclk=1,,,,+92 333 3665991
Haider Naqi & Co. (Advocates) Income Tax Sales Tax Adviser. Corporate Customs & Legal Consultant,https://www.google.com/maps/place/Haider+Naqi+%26+Co.+%28Advocates%29+Income+Tax+Sales+Tax+Adviser.+Corporate+Customs+%26+Legal+Consultant/data=!4m7!3m6!1s0x3eb33e72c6992829:0xda3abbbc8ee5301f!8m2!3d24.858185!4d67.023642!16s%2Fg%2F11gbsm1wqj!19sChIJKSiZxnI-sz4RHzDljry7Oto?authuser=0&hl=en&rclk=1,,5.0,4,+92 21 35680570
Arif Associates,https://www.google.com/maps/place/Arif+Associates/data=!4m7!3m6!1s0x3eb33e1369d2e031:0x7cea58dc4e07f8a4!8m2!3d24.8641401!4d67.021102!16s%2Fg%2F11bwyllrq4!19sChIJMeDSaRM-sz4RpPgHTtxY6nw?authuser=0&hl=en&rclk=1,,4.4,22,+92 333 2778383
"Wakeel office, Z B Associate","https://www.google.com/maps/place/Wakeel+office,+Z+B+Associate/data=!4m7!3m6!1s0x3eb33f7b686b7db9:0xced0d672e9401f64!8m2!3d24.9076758!4d67.0376636!16s%2Fg%2F11q98f04ff!19sChIJuX1raHs_sz4RZB9A6XLW0M4?authuser=0&hl=en&rclk=1",,3.0,2,
FAB & ASSOCIATES (Law Firm),https://www.google.com/maps/place/FAB+%26+ASSOCIATES+%28Law+Firm%29/data=!4m7!3m6!1s0x3eb33fcf8f9c0ad5:0x1c2d494bec908bef!8m2!3d24.8531425!4d67.007088!16s%2Fg%2F11vpv1n3yq!19sChIJ1Qqcj88_sz4R74uQ7EtJLRw?authuser=0&hl=en&rclk=1,,5.0,8,+92 300 2377083
Badami Law Associates,https://www.google.com/maps/place/Badami+Law+Associates/data=!4m7!3m6!1s0x3eb33dde40d60411:0x60b0cea565271268!8m2!3d24.8448893!4d67.0240725!16s%2Fg%2F11g5_ff1h8!19sChIJEQTWQN49sz4RaBInZaXOsGA?authuser=0&hl=en&rclk=1,http://www.badamilaw.com/,5.0,4,+92 21 35658857
Ashfaq associates,https://www.google.com/maps/place/Ashfaq+associates/data=!4m7!3m6!1s0x3eb33f5a4d9f24b3:0x7c6156acafa94d4f!8m2!3d24.8532707!4d67.0050868!16s%2Fg%2F11gnhf6h03!19sChIJsySfTVo_sz4RT02pr6xWYXw?authuser=0&hl=en&rclk=1,,5.0,2,
Sanaullah & Co.,https://www.google.com/maps/place/Sanaullah+%26+Co./data=!4m7!3m6!1s0x3eb33ea451ff8407:0x5b9663687fc0b368!8m2!3d24.8651065!4d67.0788656!16s%2Fg%2F11c6cpl3ss!19sChIJB4T_UaQ-sz4RaLPAf2hjlls?authuser=0&hl=en&rclk=1,https://www.sanaullah.co/,4.5,54,+92 21 34330002
Head Office Quaid i Azam University Lawyers forum (Sindh Chapter),https://www.google.com/maps/place/Head+Office+Quaid+i+Azam+University+Lawyers+forum+%28Sindh+Chapter%29/data=!4m7!3m6!1s0x3eb33f967b6998b3:0x16d1f35aeea7aefe!8m2!3d24.8585767!4d67.0275487!16s%2Fg%2F11k3q3p93_!19sChIJs5hpe5Y_sz4R_q6n7lrz0RY?authuser=0&hl=en&rclk=1,,5.0,1,
Mahmood Chaudhri & Co,https://www.google.com/maps/place/Mahmood+Chaudhri+%26+Co/data=!4m7!3m6!1s0x3eb33e0f9a699a9f:0x5e27231ed77fb8e8!8m2!3d24.8558021!4d67.0117126!16s%2Fg%2F12qghm676!19sChIJn5ppmg8-sz4R6Lh_1x4jJ14?authuser=0&hl=en&rclk=1,,,,+92 21 32639890
Ijaz Ahmed and Associates,https://www.google.com/maps/place/Ijaz+Ahmed+and+Associates/data=!4m7!3m6!1s0x3eb33dafea22c977:0xef31f42c98f95879!8m2!3d24.8150461!4d67.0326926!16s%2Fg%2F1th0wv6g!19sChIJd8ki6q89sz4ReVj5mCz0Me8?authuser=0&hl=en&rclk=1,,3.0,2,+92 21 35833687
The Lawyers & Associates,https://www.google.com/maps/place/The+Lawyers+%26+Associates/data=!4m7!3m6!1s0x3eb33fbb63c6de79:0x33dec9f13aa60a60!8m2!3d24.8992059!4d67.0745788!16s%2Fg%2F11rqyw15_s!19sChIJed7GY7s_sz4RYAqmOvHJ3jM?authuser=0&hl=en&rclk=1,,4.5,11,+92 334 3718186
Insaf Chamber Building,https://www.google.com/maps/place/Insaf+Chamber+Building/data=!4m7!3m6!1s0x3eb33fb0b12e2ec1:0x43a6f39403fec4e4!8m2!3d24.8560117!4d67.009201!16s%2Fg%2F11h0lzm4tr!19sChIJwS4usbA_sz4R5MT-A5TzpkM?authuser=0&hl=en&rclk=1,,3.9,33,+92 313 2056106
The Real Quresh Law Associates (Furqan),https://www.google.com/maps/place/The+Real+Quresh+Law+Associates+%28Furqan%29/data=!4m7!3m6!1s0x3eb33f32a5893b6d:0x7f22e21822402cc7!8m2!3d24.8585767!4d67.0275487!16s%2Fg%2F11pz53n4xb!19sChIJbTuJpTI_sz4RxyxAIhjiIn8?authuser=0&hl=en&rclk=1,,,,+92 345 2066049
